Title,Link,Date,Comments,Likes,Tweets,LinkedIn,Pins,+ 1's
Equity value,http://cdixon.org/2012/06/06/equity-value/,"June 6, 2012",0,8,94,27,0,5
Different types of risk,http://cdixon.org/2012/06/06/different-types-of-risk/,"June 6, 2012",0,16,209,57,0,13
"Some thoughts on when to raise money, and the current financing environment",http://cdixon.org/2012/06/02/some-thoughts-on-when-to-raise-money-and-the-current-financing-environment/,"June 2, 2012",0,20,164,45,0,8
The experience economy,http://cdixon.org/2012/05/26/the-experience-economy/,"May 26, 2012",0,131,770,209,0,36
When should you give up on an idea?,http://cdixon.org/2012/05/24/when-should-you-give-up-on-an-idea/,"May 24, 2012",0,51,349,95,0,15
Four types of mobile apps,http://cdixon.org/2012/05/21/four-use-cases-for-mobile-apps/,"May 21, 2012",0,45,527,143,0,35
The default state of a startup is failure,http://cdixon.org/2012/05/18/the-default-state-of-a-startup-is-failure/,"May 18, 2012",0,338,1168,309,0,66
Facebook’s business model,http://cdixon.org/2012/05/15/facebooks-business-model/,"May 15, 2012",0,179,734,185,0,47
Blogging to learn,http://cdixon.org/2012/05/10/blogging-to-learn/,"May 10, 2012",0,3,100,15,0,12
Is it a tech bubble?,http://cdixon.org/2012/04/29/is-it-a-tech-bubble/,"April 29, 2012",0,157,1067,261,0,44
Incumbents die due to irrelevance or ineptitude,http://cdixon.org/2012/04/26/incumbents-die-due-to-irrelevance-or-ineptitude/,"April 26, 2012",0,16,127,43,0,16
The risks of being a small investor in a private company,http://cdixon.org/2012/04/25/the-risk-of-being-a-small-investor-in-a-private-company/,"April 25, 2012",0,9,218,43,0,19
Outsource things you don’t care about,http://cdixon.org/2012/04/22/outsource-things-you-dont-care-about/,"April 22, 2012",0,45,150,67,0,9
"Offline first, mobile enabled",http://cdixon.org/2012/04/20/offline-first-mobile-enabled/,"April 20, 2012",0,15,148,41,0,8
“Meaningful” startups,http://cdixon.org/2012/04/18/meaningful-startups/,"April 18, 2012",0,125,363,136,0,21
There are two ways to make large datasets useful,http://cdixon.org/2012/04/14/there-are-two-ways-to-make-large-datasets-useful/,"April 14, 2012",0,5,102,27,0,17
Increasing velocity,http://cdixon.org/2012/04/11/increasing-velocity/,"April 11, 2012",0,9,176,43,0,5
"Seriously, what’s up with old media not crediting bloggers?",http://cdixon.org/2012/04/06/seriously-whats-up-with-old-media-not-crediting-bloggers/,"April 6, 2012",0,2,117,27,0,14
Facebook’s response to Yahoo’s patent lawsuit,http://cdixon.org/2012/04/03/facebooks-response-to-yahoos-patent-lawsuit/,"April 3, 2012",0,4,46,8,0,7
Revisited: big VCs investing in seed rounds,http://cdixon.org/2012/04/02/revisited-big-vcs-investing-in-seed-rounds/,"April 2, 2012",0,67,163,63,1,3
"Give away the diagnostic, sell the remedy",http://cdixon.org/2012/03/26/give-away-the-diagnostic-sell-the-remedy/,"March 26, 2012",0,6,215,73,0,13
The myth of the overnight success,http://cdixon.org/2012/03/16/the-myth-of-the-overnight-success/,"March 16, 2012",0,1592,2004,543,0,88
The problem with investing based on pattern recognition,http://cdixon.org/2012/03/07/the-problem-with-investing-based-on-pattern-recognition/,"March 7, 2012",0,54,343,91,0,27
Some tips for interacting with the press,http://cdixon.org/2012/03/01/some-tips-on-interacting-with-the-press/,"March 1, 2012",0,27,359,119,0,20
The internet is reshaping our economy from one of huge corporations with lots of jobs to huge platforms with lots of income streams,http://cdixon.org/2012/02/26/the-internet-is-reshaping-our-economy-from-one-of-huge-corporations-with-lots-of-jobs-to-huge-platforms-with-lots-of-income-streams/,"February 26, 2012",0,5,79,28,0,13
"Once you take money, the clock starts ticking",http://cdixon.org/2012/02/25/once-you-take-money-the-clock-starts-ticking/,"February 25, 2012",0,40,434,111,0,22
Big timing,http://cdixon.org/2012/02/24/big-timing/,"February 24, 2012",0,4,73,20,0,6
The P vs NP problem,http://cdixon.org/2012/02/21/the-p-vs-np-problem/,"February 21, 2012",0,3,48,8,0,5
“It is the human friction that makes the sparks”,http://cdixon.org/2012/02/19/it-is-the-human-friction-that-makes-the-sparks/,"February 19, 2012",0,5,64,14,0,14
Platform distribution risks,http://cdixon.org/2012/02/14/platform-distribution-risks/,"February 14, 2012",0,3,76,25,0,10
Between failure and Facebook,http://cdixon.org/2012/02/13/between-failure-and-facebook/,"February 13, 2012",0,41,223,72,0,19
eBay vs Amazon: decentralized vs centralized e-commerce,http://cdixon.org/2012/02/13/ebay-vs-amazon-decentralized-vs-centralized-e-commerce/,"February 13, 2012",0,27,225,67,0,17
Some thoughts on the iPhone contact list controversy and app security,http://cdixon.org/2012/02/12/the-iphone-contact-list-controversy-and-app-security/,"February 12, 2012",0,1,73,15,0,5
"And then, suddenly, it works",http://cdixon.org/2012/02/11/and-then-suddenly-it-works/,"February 11, 2012",0,10,117,34,0,18
Bedrock programming,http://cdixon.org/2012/02/06/bedrock-programming/,"February 6, 2012",0,6,72,17,0,4
Who should learn to program?,http://cdixon.org/2012/01/31/who-should-learn-to-program/,"January 31, 2012",0,72,342,82,0,30
Chris Sacca on the implied user contract,http://cdixon.org/2012/01/23/chris-sacca-on-the-implied-user-contract/,"January 23, 2012",0,1,51,14,0,8
What’s not evil: ranking content fairly *and* letting public content get indexed,http://cdixon.org/2012/01/23/whats-not-evil-ranking-content-fairly-and-letting-public-content-get-indexed/,"January 23, 2012",0,1,71,17,0,10
Revenue vs margin,http://cdixon.org/2012/01/22/revenue-exceptionalism-vs-margin-exceptionalism/,"January 22, 2012",0,12,116,45,0,15
Maximizing capacity utilization as a startup premise,http://cdixon.org/2012/01/05/maximizing-capacity-utilization-as-a-startup-premise/,"January 5, 2012",0,8,115,31,0,14
Building products from improvised user behaviors,http://cdixon.org/2012/01/02/building-products-from-improvised-user-behaviors/,"January 2, 2012",0,4,146,40,0,20
Recruiting programmers to your startup,http://cdixon.org/2011/12/29/recruiting-programmers-to-your-startup/,"December 29, 2011",0,71,602,171,0,38
My year in blogging,http://cdixon.org/2011/12/28/my-year-in-blogging/,"December 28, 2011",0,1,23,6,0,5
Michael Lewis’ Boomerang,http://cdixon.org/2011/12/22/michael-lewis-boomerang/,"December 22, 2011",0,3,28,6,0,6
The TripAdvisor IPO,http://cdixon.org/2011/12/21/the-tripadvisor-ipo/,"December 21, 2011",0,14,177,49,0,8
What jobs are users hiring your product to perform?,http://cdixon.org/2011/12/21/whats-the-job-users-hire-your-product-to-do/,"December 21, 2011",0,7,183,45,0,18
Trusting platforms,http://cdixon.org/2011/12/20/trusting-platforms/,"December 20, 2011",0,1,33,9,0,2
An internet of people,http://cdixon.org/2011/12/19/an-internet-of-people/,"December 19, 2011",0,36,343,104,0,20
cdixon.org site statistics,http://cdixon.org/2011/12/14/cdixon-org-site-statistics/,"December 14, 2011",0,1,32,0,0,1
Forces that affect whether a large company will buy your product (according to Marc Andreessen),http://cdixon.org/2011/12/14/forces-that-affect-decision-making-at-large-companies-according-to-marc-andreessen/,"December 14, 2011",0,5,67,23,0,6
Later-stage rounds and “setting the bar too high”,http://cdixon.org/2011/12/13/later-stage-rounds-and-setting-the-bar-too-high/,"December 13, 2011",0,0,60,21,0,7
Seth Godin on “organizational momentum” acquisitions,http://cdixon.org/2011/12/11/seth-godin-on-organizational-momentum-acquisitions/,"December 11, 2011",0,0,39,11,0,8
Three types of acquisitions,http://cdixon.org/2011/12/10/three-types-of-acquisitions/,"December 10, 2011",0,13,178,49,0,17
Technology and job creation,http://cdixon.org/2011/12/08/technology-and-job-creation/,"December 8, 2011",0,0,75,10,0,10
Growth curves of startups,http://cdixon.org/2011/12/07/growth-curves-of-startups/,"December 7, 2011",0,10,74,25,0,8
Always have 18 months of cash in the bank,http://cdixon.org/2011/12/06/always-have-18-months-of-cash-in-the-bank/,"December 6, 2011",0,29,182,52,0,14
Making industries “garage ready” for startups,http://cdixon.org/2011/12/05/horizontal-specialization-as-a-catalyst-for-startups/,"December 5, 2011",0,6,101,27,0,9
Why is enterprise tech so far behind consumer tech? Because it can be.,http://cdixon.org/2011/12/04/why-is-enterprise-tech-so-far-behind-consumer-tech-because-it-can-be/,"December 4, 2011",0,10,156,41,0,19
The enterprise: buyers versus users,http://cdixon.org/2011/12/03/the-enterprise-buyers-versus-users/,"December 3, 2011",0,3,66,30,0,7
Getting broadband in Manhattan,http://cdixon.org/2011/12/02/getting-broadband-in-manhattan/,"December 2, 2011",0,3,69,18,0,12
“Otherwise do something else”,http://cdixon.org/2011/12/02/otherwise-do-something-else/,"December 2, 2011",0,40,176,48,0,22
Business development: the Goldilocks principle,http://cdixon.org/2011/11/28/business-development-the-goldilocks-principle/,"November 28, 2011",0,31,277,79,0,14
Some lessons learned,http://cdixon.org/2011/09/28/some-lessons-learned/,"September 28, 2011",0,224,643,220,0,31
Summary of new patent bill (America Invents Act),http://cdixon.org/2011/09/16/summary-of-new-patent-bill-america-invests-act/,"September 16, 2011",0,19,101,25,0,4
Owning equity in your company should be as common as owning equity in your home,http://cdixon.org/2011/09/12/owning-equity-in-your-company-should-be-as-common-as-owning-equity-in-your-home/,"September 12, 2011",0,13,201,52,0,1
Do you want to sell sugar water or do you want to change the world?,http://cdixon.org/2011/08/28/do-you-want-to-sell-sugar-water-or-do-you-want-to-change-the-world/,"August 28, 2011",0,196,417,74,0,4
What the NYC startup world needs (and doesn’t need),http://cdixon.org/2011/08/02/what-the-nyc-startup-world-needs-and-doesnt-need/,"August 2, 2011",0,66,492,118,0,1
Pivoting into a new corporate structure,http://cdixon.org/2011/08/01/pivoting-into-a-new-corporate-structure/,"August 1, 2011",0,3,111,23,0,0
The downside of accelerated investment decisions,http://cdixon.org/2011/07/28/the-downside-of-accelerated-investment-decisions/,"July 28, 2011",0,7,149,44,0,0
The tragedy of the anticommons,http://cdixon.org/2011/07/26/the-tragedy-of-the-anti-commons/,"July 26, 2011",0,1,38,5,0,0
Thomas Jefferson on Patents,http://cdixon.org/2011/07/16/thomas-jefferson-on-patents/,"July 16, 2011",0,48,183,18,0,5
The next big thing is sitting right in front of you,http://cdixon.org/2011/07/02/the-next-big-thing-is-sitting-right-in-front-of-you/,"July 2, 2011",0,23,170,41,0,1
Founder/market fit,http://cdixon.org/2011/06/19/foundermarket-fit/,"June 19, 2011",0,68,383,107,0,1
Allocation investing and the social premium,http://cdixon.org/2011/06/16/allocation-investing-and-the-social-premium/,"June 16, 2011",0,2,0,27,0,0
The lodsys case,http://cdixon.org/2011/06/12/the-lodsys-case/,"June 12, 2011",0,0,0,16,0,0
Notes on raising seed financing,http://cdixon.org/2011/06/09/notes-on-raising-seed-financing/,"June 9, 2011",0,43,267,187,0,1
Accurate contrarian theories,http://cdixon.org/2011/05/16/accurate-contrarian-theories/,"May 16, 2011",0,5,93,52,0,0
Options,http://cdixon.org/2011/05/13/stock-options/,"May 13, 2011",0,1,57,28,0,0
Taste graph infographic,http://cdixon.org/2011/05/09/taste-graph-infographic/,"May 9, 2011",0,18,28,11,0,0
Best practices for raising a VC round,http://cdixon.org/2011/05/04/best-practices-for-raising-a-vc-round/,"May 4, 2011",0,77,623,401,0,0
There are two kinds of people in the world,http://cdixon.org/2011/04/26/there-are-two-kinds-of-people-in-the-world/,"April 26, 2011",0,1394,1721,1193,0,2
Inferring intent on mobile devices,http://cdixon.org/2011/04/24/inferring-intent-on-mobile-devices/,"April 24, 2011",0,9,144,91,0,0
Financing risk,http://cdixon.org/2011/04/20/financing-risk/,"April 20, 2011",0,7,88,0,0,0
Experiment: blog in Kindle book form,http://cdixon.org/2011/04/18/experiment-blog-in-kindle-book-form/,"April 18, 2011",0,1,145,36,0,0
Apple and the TV industry,http://cdixon.org/2011/04/17/apple-and-the-tv-industry/,"April 17, 2011",0,75,456,235,0,0
Showing up,http://cdixon.org/2011/04/12/showing-up/,"April 12, 2011",0,16,209,121,0,0
Google’s social strategy,http://cdixon.org/2011/04/10/googles-social-strategy/,"April 10, 2011",0,48,659,432,0,1
A weird thing that happened and a note to the future,http://cdixon.org/2011/04/04/a-weird-thing-that-happened-and-a-note-to-the-future/,"April 4, 2011",0,7,87,45,0,0
App store shenanigans,http://cdixon.org/2011/04/01/app-store-shenanigans/,"April 1, 2011",0,12,218,0,0,0
A few points about the “tech bubble” debate,http://cdixon.org/2011/03/27/a-few-points-about-the-tech-bubble-debate/,"March 27, 2011",0,8,237,0,0,0
Founder Stories,http://cdixon.org/2011/03/25/founder-stories/,"March 25, 2011",0,4,76,24,0,1
MIT is a national treasure,http://cdixon.org/2011/03/23/mit-is-a-national-treasure/,"March 23, 2011",0,33,53,31,0,1
Dropbox and why you should invest in people,http://cdixon.org/2011/03/21/dropbox-and-why-you-should-invest-in-people/,"March 21, 2011",0,8,67,50,0,0
SEO is no longer a viable marketing strategy for startups,http://cdixon.org/2011/03/05/seo-is-no-longer-a-viable-marketing-strategy-for-startups/,"March 5, 2011",0,94,924,570,0,0
Graphs presentation,http://cdixon.org/2011/03/03/graphs-presentation/,"March 3, 2011",0,8,88,37,0,0
The importance of predictability for platform developers,http://cdixon.org/2011/02/21/the-importance-of-predictability-for-platform-developers/,"February 21, 2011",0,9,133,76,0,0
Selling pickaxes during a gold rush,http://cdixon.org/2011/02/05/selling-pickaxes-during-a-gold-rush/,"February 5, 2011",0,40,288,1,0,1
"Predicting the future of the Internet is easy: anything it hasn’t yet dramatically transformed, it will.",http://cdixon.org/2011/01/13/predicting-the-future-of-the-internet-is-easy-anything-it-hasnt-yet-dramatically-transformed-it-will/,"January 13, 2011",0,152,631,248,0,3
The “thin edge of the wedge” strategy,http://cdixon.org/2010/12/26/the-thin-edge-of-the-wedge-strategy/,"December 26, 2010",0,30,287,102,0,0
The interoperability of social networks,http://cdixon.org/2010/11/10/the-interoperability-of-social-networks/,"November 10, 2010",0,22,209,3,0,0
Timing your startup,http://cdixon.org/2010/11/07/timing-your-startup/,"November 7, 2010",0,51,474,11,0,0
Instrumenting the offline world,http://cdixon.org/2010/10/29/instrumentation/,"October 29, 2010",0,1,34,0,0,0
You need to use social services to understand them,http://cdixon.org/2010/10/23/you-need-to-use-social-services-to-understand-them/,"October 23, 2010",0,30,357,15,0,0
Online privacy: what’s at stake,http://cdixon.org/2010/10/22/online-privacy-whats-at-stake/,"October 22, 2010",0,3,103,0,0,0
The “ladies’ night” strategy,http://cdixon.org/2010/10/16/the-ladies-night-strategy/,"October 16, 2010",0,23,163,12,0,0
Some thoughts on incumbents,http://cdixon.org/2010/10/07/some-thoughts-on-incumbents/,"October 7, 2010",0,5,19,14,0,0
The segmentation of the venture industry,http://cdixon.org/2010/09/26/the-segmentation-of-the-venture-industry/,"September 26, 2010",0,8,191,0,0,0
"If you aren’t getting rejected on a daily basis, your goals aren’t ambitious enough",http://cdixon.org/2010/09/12/getting-rejected/,"September 12, 2010",0,590,2659,162,1,5
Web services should be both federated and extensible,http://cdixon.org/2010/09/04/web-services-should-be-both-federated-and-extensible/,"September 4, 2010",0,9,93,1,0,0
Howard Lindzon’s “Web is Dead” series,http://cdixon.org/2010/09/01/howard-lindzons-web-is-dead-series/,"September 1, 2010",0,1,24,0,0,0
Converts versus equity deals,http://cdixon.org/2010/08/31/converts-versus-equity-deals/,"August 31, 2010",0,8,118,3,0,0
Good bizdev cannibalizes itself,http://cdixon.org/2010/08/28/good-bizdev-cannabilizies-itself/,"August 28, 2010",0,2,76,0,0,1
The bowling pin strategy,http://cdixon.org/2010/08/21/the-bowling-pin-strategy/,"August 21, 2010",0,38,317,9,0,3
Graphs,http://cdixon.org/2010/07/22/graphs/,"July 22, 2010",0,38,200,2,0,1
It’s not that seed investors are smarter – it’s that entrepreneurs are,http://cdixon.org/2010/07/05/its-not-that-seed-investors-are-smarter-its-that-entrepreneurs-are/,"July 5, 2010",0,5,161,2,0,0
Competition is overrated,http://cdixon.org/2010/06/26/competition-is-overrated/,"June 26, 2010",0,50,461,100,0,2
Builders and extractors,http://cdixon.org/2010/06/19/builders-and-extractors/,"June 19, 2010",0,37,51,5,0,0
Pivoting,http://cdixon.org/2010/06/14/pivoting/,"June 14, 2010",0,58,41,3,0,0
Designing products for single and multiplayer modes,http://cdixon.org/2010/06/12/designing-products-for-single-and-multiplayer-modes/,"June 12, 2010",0,3,2,0,0,0
Inside versus outside financings: the nightclub effect,http://cdixon.org/2010/06/08/inside-versus-outside-financings-the-nightclub-effect/,"June 8, 2010",0,1,150,0,0,0
Steve Jobs single-handedly restructured the mobile industry,http://cdixon.org/2010/06/06/steve-jobs-single-handedly-restructured-the-mobile-industry/,"June 6, 2010",0,42,72,20,0,2
There are three New York Cities,http://cdixon.org/2010/06/04/there-are-three-new-york-cities/,"June 4, 2010",0,45,18,0,0,0
Money managers should pay the same tax rates as everyone else,http://cdixon.org/2010/06/01/money-managers-should-pay-the-same-tax-rates-as-everyone-else/,"June 1, 2010",0,4,58,5,0,0
"While Google fights on the edges, Amazon is attacking their core",http://cdixon.org/2010/05/22/while-google-fights-on-the-edges-amazon-is-attacking-their-core/,"May 22, 2010",0,46,305,2,0,1
Facebook is about to try to dominate display ads the way Google dominates text ads,http://cdixon.org/2010/05/15/facebook-is-about-to-try-to-dominate-display-ads-the-way-google-dominates-text-ads/,"May 15, 2010",0,16,8,0,0,0
"Facebook, Zynga, and buyer-supplier hold up",http://cdixon.org/2010/05/08/facebook-zynga-and-buyer-supplier-hold-up/,"May 8, 2010",0,15,2,0,0,0
Old VC firms: get ready to be disrupted,http://cdixon.org/2010/05/02/old-vc-firms-get-ready-to-be-disrupted/,"May 2, 2010",0,18,2,0,0,0
The tradeoff between open and closed,http://cdixon.org/2010/04/25/the-tradeoff-between-open-and-closed/,"April 25, 2010",0,18,57,13,0,0
Twitter and third-party Twitter developers,http://cdixon.org/2010/04/10/twitter-and-3rd-party-developers/,"April 10, 2010",0,5,8,4,0,0
Underhyping your startup,http://cdixon.org/2010/04/06/underhyping-your-startup/,"April 6, 2010",0,3,0,0,0,0
"Size markets using narratives, not numbers",http://cdixon.org/2010/04/03/size-markets-using-narratives-not-numbers/,"April 3, 2010",0,8,14,0,0,0
Capitalism just like Adam Smith pictured it,http://cdixon.org/2010/03/27/capitalism-just-like-adam-smith-pictured-it/,"March 27, 2010",0,1,0,0,0,0
Stickiness is bad for business,http://cdixon.org/2010/03/25/stickiness-is-bad-for-business/,"March 25, 2010",0,30,63,58,0,0
Developing new startup ideas,http://cdixon.org/2010/03/14/developing-new-startup-ideas/,"March 14, 2010",0,46,58,4,0,0
The importance of investor signaling in venture pricing,http://cdixon.org/2010/03/11/the-importance-of-investor-signaling-in-venture-pricing/,"March 11, 2010",0,1,5,1,0,0
News is a lousy business for Google too,http://cdixon.org/2010/03/07/news-is-a-lousy-business-for-google-too/,"March 7, 2010",0,3,2,2,0,0
"It’s not East Coast vs West Coast, it’s about making more places like the Valley",http://cdixon.org/2010/02/27/its-about-making-more-places-like-the-valley/,"February 27, 2010",0,4,2,0,0,0
A massive misallocation of online advertising dollars,http://cdixon.org/2010/02/19/a-massive-misallocation-of-online-advertising-dollars/,"February 19, 2010",0,5,6,1,0,0
Don’t be creative about the wrong things,http://cdixon.org/2010/02/16/dont-be-innovative-about-the-wrong-things/,"February 16, 2010",0,2,0,0,0,0
Some thoughts on the “geo stack”,http://cdixon.org/2010/02/14/some-thoughts-on-the-geo-stack/,"February 14, 2010",0,5,6,7,0,0
"Every time an engineer joins Google, a startup dies",http://cdixon.org/2010/02/11/every-time-an-engineer-joins-google-a-startup-dies/,"February 11, 2010",0,198,32,3,0,1
Selling to enterprises,http://cdixon.org/2010/02/06/selling-to-enterprises/,"February 6, 2010",0,0,2,0,0,0
Backing out of a term sheet,http://cdixon.org/2010/02/03/backing-out-of-a-term-sheet/,"February 3, 2010",0,9,2,1,0,0
Howard Lindzon interview,http://cdixon.org/2010/02/03/howard-lindzon-interview/,"February 3, 2010",0,0,0,0,0,0
The NYC tech scene is exploding,http://cdixon.org/2010/02/01/the-nyc-tech-scene-is-exploding/,"February 1, 2010",0,12,0,0,0,1
Why you should put the new Hunch badge on your website,http://cdixon.org/2010/01/31/why-you-should-put-the-new-hunch-badge-on-your-website/,"January 31, 2010",0,0,0,0,0,0
Institutional failure,http://cdixon.org/2010/01/30/institutional-failure/,"January 30, 2010",0,3,1,1,0,0
Being friendly has become a competitive advantage in VC,http://cdixon.org/2010/01/29/being-friendly-has-become-a-competitive-advantage-in-vc/,"January 29, 2010",0,2,1,0,0,0
Should Apple be more open?,http://cdixon.org/2010/01/28/should-apple-be-more-open/,"January 28, 2010",0,1,0,0,0,0
Incumbents,http://cdixon.org/2010/01/26/incumbents/,"January 26, 2010",0,0,0,0,0,0
How to disrupt Wall Street,http://cdixon.org/2010/01/23/how-to-disrupt-wall-street/,"January 23, 2010",0,28,111,26,0,0
Techies and normals,http://cdixon.org/2010/01/22/techies-and-normals/,"January 22, 2010",0,17,28,5,0,0
Will people pay for the New York Times online?,http://cdixon.org/2010/01/18/will-people-pay-for-the-new-york-times-online/,"January 18, 2010",0,0,0,0,0,0
Collective knowledge systems,http://cdixon.org/2010/01/17/collective-knowledge-systems/,"January 17, 2010",0,3,6,3,0,0
Security through diversity,http://cdixon.org/2010/01/12/security-through-diversity/,"January 12, 2010",0,0,0,0,0,0
Shutting down,http://cdixon.org/2010/01/09/shutting-down/,"January 9, 2010",0,0,0,0,0,0
Speculation on Apple’s purchase of Quattro Wireless,http://cdixon.org/2010/01/05/speculation-on-apples-purchase-of-quattro-wireless/,"January 5, 2010",0,2,0,0,0,0
The next big thing will start out looking like a toy,http://cdixon.org/2010/01/03/the-next-big-thing-will-start-out-looking-like-a-toy/,"January 3, 2010",0,56,164,55,0,1
What’s strategic for Google?,http://cdixon.org/2009/12/30/whats-strategic-for-google/,"December 30, 2009",0,34,93,4,0,1
What’s the right amount of seed money to raise?,http://cdixon.org/2009/12/28/whats-the-right-amount-of-seed-money-to-raise/,"December 28, 2009",0,7,14,5,0,0
Are people more willing to pay for digital goods on mobile devices?,http://cdixon.org/2009/12/27/are-people-more-willing-to-pay-for-digital-goods-on-mobile-devices/,"December 27, 2009",0,0,0,0,0,0
Why the web economy will continue growing rapidly,http://cdixon.org/2009/12/26/why-the-web-economy-will-continue-growing-rapidly/,"December 26, 2009",0,2,3,3,0,0
Google should open source what actually matters: their search ranking algorithm,http://cdixon.org/2009/12/22/google-should-open-source-what-actually-matters-their-search-ranking-algorithm/,"December 22, 2009",0,3,0,0,0,0
Anatomy of a bad search result,http://cdixon.org/2009/12/19/anatomy-of-a-bad-search-result/,"December 19, 2009",0,4,0,0,0,0
Google’s feature creep,http://cdixon.org/2009/12/17/googles-feature-creep/,"December 17, 2009",0,1,0,0,0,0
Search and the social graph,http://cdixon.org/2009/12/14/search-and-the-social-graph/,"December 14, 2009",0,0,0,0,0,0
20×200: democratizing art,http://cdixon.org/2009/12/12/20x200/,"December 12, 2009",0,0,1,0,0,0
Why did Skype succeed and Joost fail?,http://cdixon.org/2009/12/08/why-did-skype-succeed-and-joost-fail/,"December 8, 2009",0,1,0,0,0,0
Welcoming Jimmy Wales to Hunch,http://cdixon.org/2009/12/07/welcoming-jimmy-wales-to-hunch/,"December 7, 2009",0,0,0,0,0,0
Does a VC’s brand matter?,http://cdixon.org/2009/12/05/does-a-vcs-brand-matter/,"December 5, 2009",0,0,0,0,0,0
New Hunch interface,http://cdixon.org/2009/12/03/new-hunch-interface/,"December 3, 2009",0,0,2,0,0,0
Some thoughts on SEO,http://cdixon.org/2009/12/02/seo/,"December 2, 2009",0,0,0,0,0,0
Most popular posts,http://cdixon.org/2009/11/29/most-popular-posts/,"November 29, 2009",0,1,0,0,0,0
The importance of institutional redundancy,http://cdixon.org/2009/11/20/the-importance-of-institutional-redundancy/,"November 20, 2009",0,0,39,25,0,0
"Pitch yourself, not your idea",http://cdixon.org/2009/11/14/pitch-yourself-not-your-idea/,"November 14, 2009",0,17,38,10,0,1
Presenting Founder Collective,http://cdixon.org/2009/11/09/presenting-founder-collective/,"November 9, 2009",0,0,2,1,0,0
Information security – are we experiencing a Pax Romana?,http://cdixon.org/2009/11/08/information-security-are-we-experiencing-a-pax-romana/,"November 8, 2009",0,0,0,0,0,0
Hunch blogger widget,http://cdixon.org/2009/11/06/hunch-blogger-widget/,"November 6, 2009",0,0,0,0,0,0
How to select your angel investors,http://cdixon.org/2009/11/03/how-to-select-your-angel-investors/,"November 3, 2009",0,1,2,1,0,0
The most important question to ask before taking seed money,http://cdixon.org/2009/10/30/the-most-important-question-to-ask-before-taking-seed-money/,"October 30, 2009",0,8,0,0,0,0
Embrace the medium,http://cdixon.org/2009/10/27/embrace-the-medium/,"October 27, 2009",0,0,0,0,0,0
Twelve months notice,http://cdixon.org/2009/10/23/twelve-months-notice/,"October 23, 2009",0,3,6,0,0,0
"Obama:  stock picker, or confidence builder?",http://cdixon.org/2009/10/23/obama-stock-picker-or-confidence-builder/,"October 23, 2009",0,0,0,0,0,0
The ideal startup career path,http://cdixon.org/2009/10/22/the-ideal-startup-career-path/,"October 22, 2009",0,23,12,1,0,0
The challenge of creating a new category,http://cdixon.org/2009/10/20/the-challenge-of-creating-a-new-category/,"October 20, 2009",0,0,2,0,0,0
"If Verizon’s Droid is good, that’s bad for the wireless ecosystem",http://cdixon.org/2009/10/18/if-verizons-droid-is-good-thats-bad/,"October 18, 2009",0,0,0,0,0,0
"Dow 10,000 and economic reflexivity",http://cdixon.org/2009/10/17/dow-10000-and-economic-reflexivity/,"October 17, 2009",0,1,0,0,0,0
What’s the relationship between cost and price?,http://cdixon.org/2009/10/16/whats-the-relationship-between-cost-and-price/,"October 16, 2009",0,2,0,0,0,0
What carries you up will also bring you down,http://cdixon.org/2009/10/13/what-carries-you-up-will-also-bring-you-down/,"October 13, 2009",0,5,0,0,0,0
Understanding your market,http://cdixon.org/2009/10/11/understanding-your-market/,"October 11, 2009",0,0,3,0,0,0
Man and superman,http://cdixon.org/2009/10/10/man-and-superman/,"October 10, 2009",0,39,38,4,0,3
The importance of asking people questions,http://cdixon.org/2009/10/06/ask-people-questions/,"October 6, 2009",0,0,0,0,0,0
The cloud is a powder keg,http://cdixon.org/2009/10/03/the-cloud-is-a-powder-keg/,"October 3, 2009",0,1,0,0,0,0
The problem with online “local” businesses,http://cdixon.org/2009/10/02/the-problem-with-online-local-businesses/,"October 2, 2009",0,0,15,1,0,0
Why does it matter that Twitter is supplanting RSS?,http://cdixon.org/2009/10/01/why-does-it-matter-that-twitter-is-supplanting-rss/,"October 1, 2009",0,0,2,0,0,0
Twitter killed RSS (and that’s a bad thing),http://cdixon.org/2009/09/29/twitter-killed-rss-and-thats-a-bad-thing/,"September 29, 2009",0,0,15,3,0,0
Why content sites are getting ripped off,http://cdixon.org/2009/09/29/why-content-sites-are-getting-ripped-off/,"September 29, 2009",0,6,7,3,0,0
The new economy,http://cdixon.org/2009/09/28/the-new-economy/,"September 28, 2009",0,1,1,0,0,0
What if online business model innovation is slowing down?,http://cdixon.org/2009/09/28/what-if-online-business-model-innovation-is-slowing-down/,"September 28, 2009",0,0,0,0,0,0
Online advertising is all about purchasing intent,http://cdixon.org/2009/09/27/online-advertising-is-all-about-purchasing-intent/,"September 27, 2009",0,6,17,2,0,0
"Yahoo should invest in products, not advertising",http://cdixon.org/2009/09/26/yahoo-should-invest-in-products-not-advertising/,"September 26, 2009",0,0,0,0,0,0
The Twitter investment and the decline of venture capital,http://cdixon.org/2009/09/25/the-twitter-investment-and-the-decline-of-venture-capital/,"September 25, 2009",0,0,1,0,0,0
Software patents should be abolished,http://cdixon.org/2009/09/24/software-patents-should-be-abolished/,"September 24, 2009",0,4,21,6,0,0
WSJ’s factually challenged argument against net neutrality,http://cdixon.org/2009/09/23/wsjs-factually-challenged-argument-against-net-neutrality/,"September 23, 2009",0,0,0,0,0,0
Climbing the wrong hill,http://cdixon.org/2009/09/19/climbing-the-wrong-hill/,"September 19, 2009",0,162,179,127,0,0
Thanks…,http://cdixon.org/2009/09/17/thanks/,"September 17, 2009",0,0,0,0,0,0
The inevitable showdown between Twitter and Twitter apps,http://cdixon.org/2009/09/14/the-inevitable-showdown-between-twitter-and-twitter-apps/,"September 14, 2009",0,3,58,24,0,0
Entrepreneurs need to learn some law,http://cdixon.org/2009/09/13/entrepreneurs-need-to-learn-some-law/,"September 13, 2009",0,1,3,0,0,0
Google and newspapers:  the false choice of opting out,http://cdixon.org/2009/09/12/google-and-newspapers-the-false-choice-of-opting-out/,"September 12, 2009",0,1,0,0,0,0
Non-linearity of technology adoption,http://cdixon.org/2009/09/10/non-linearity-of-technology-adoption/,"September 10, 2009",0,4,19,0,0,0
Getting a job in venture capital,http://cdixon.org/2009/09/08/getting-a-job-in-venture-capital/,"September 8, 2009",0,4,19,0,0,0
Is now a good time to start a company?,http://cdixon.org/2009/09/07/is-now-a-good-time-to-start-a-company/,"September 7, 2009",0,1,15,0,0,0
The only college major that matters,http://cdixon.org/2009/09/06/the-only-college-major-that-matters/,"September 6, 2009",0,10,2,0,0,0
Which VC firm should I pitch?,http://cdixon.org/2009/09/05/which-vc-firm-should-i-pitch/,"September 5, 2009",0,1,0,0,0,0
Dividing free and paid features in “freemium” products,http://cdixon.org/2009/09/04/dividing-free-and-paid-features-in-freemium-products/,"September 4, 2009",0,0,19,6,0,1
Incubators,http://cdixon.org/2009/09/04/incubators/,"September 4, 2009",0,0,17,0,0,0
New York City needs a tech startup blog,http://cdixon.org/2009/09/03/new-york-city-needs-a-tech-startup-blog/,"September 3, 2009",0,0,1,0,0,0
Don’t shop your term sheet,http://cdixon.org/2009/09/02/dont-shop-your-term-sheet/,"September 2, 2009",0,1,13,0,0,0
Question from a reader,http://cdixon.org/2009/09/02/question-from-a-reader/,"September 2, 2009",0,0,0,0,0,0
Information is the (other) currency of venture capital,http://cdixon.org/2009/09/01/information-is-the-other-currency-of-venture-capital/,"September 1, 2009",0,0,29,7,0,0
New York City is poised for a tech revival,http://cdixon.org/2009/08/31/new-york-city-is-poised-for-a-tech-revival/,"August 31, 2009",0,2,29,1,0,0
"VC’s care about the upside case, not the mean",http://cdixon.org/2009/08/31/pitch-vcs-the-right-tail-of-the-distribution-not-the-mean/,"August 31, 2009",0,0,18,2,0,0
"To make smarter systems, it’s all about the data",http://cdixon.org/2009/08/30/to-make-smarter-systems-its-all-about-the-data/,"August 30, 2009",0,0,20,0,0,0
Thales the Milesian,http://cdixon.org/2009/08/29/thales-the-milesian/,"August 29, 2009",0,0,0,0,0,0
function my_exit_payout(…),http://cdixon.org/2009/08/28/function-my_exit_payout/,"August 28, 2009",0,0,0,0,0,0
The one number you should know about your equity grant,http://cdixon.org/2009/08/27/the-one-number-you-should-know-about-your-equity-grant/,"August 27, 2009",0,12,34,1,0,1
Pitching the VC partnership,http://cdixon.org/2009/08/27/pitching-the-vc-partnership/,"August 27, 2009",0,1,22,0,0,0
The other problem with venture capital: management fees,http://cdixon.org/2009/08/26/the-other-problem-with-venture-capital-management-fees/,"August 26, 2009",0,0,12,1,0,0
Six strategies for overcoming “chicken and egg” problems,http://cdixon.org/2009/08/25/six-strategies-for-overcoming-chicken-and-egg-problems/,"August 25, 2009",0,19,105,27,0,4
The worst time to join a startup is right after it gets initial VC financing,http://cdixon.org/2009/08/24/the-worst-time-to-join-a-startup-is-right-after-it-gets-initial-vc-financing/,"August 24, 2009",0,5,26,4,0,0
TheFunded term sheet,http://cdixon.org/2009/08/24/thefunded-term-sheet/,"August 24, 2009",0,0,21,0,0,0
Dividing equity between founders,http://cdixon.org/2009/08/23/dividing-equity-between-founders/,"August 23, 2009",0,4,29,2,0,0
Why you shouldn’t keep your startup idea secret,http://cdixon.org/2009/08/22/why-you-shouldnt-keep-your-startup-idea-secret/,"August 22, 2009",0,55,110,15,0,1
Machine learning is really good at partially solving just about any problem,http://cdixon.org/2009/08/20/machine-learning-is-really-good-at-partially-solving-just-about-any-problem/,"August 20, 2009",0,0,50,27,0,1
"It’s the partner, not the firm",http://cdixon.org/2009/08/19/its-the-partner-not-the-firm/,"August 19, 2009",0,0,23,0,0,0
Options on early stage companies,http://cdixon.org/2009/08/18/options-on-early-stage-companies/,"August 18, 2009",0,12,30,2,0,0
Ideal first round funding terms,http://cdixon.org/2009/08/16/ideal-first-round-funding-terms/,"August 16, 2009",0,18,47,5,0,0
The problem with tranched VC investments,http://cdixon.org/2009/08/15/the-problem-with-tranched-vc-investments/,"August 15, 2009",0,5,66,0,0,0
The problem with taking seed money from big VCs,http://cdixon.org/2009/08/14/the-problem-with-taking-seed-money-from-big-vcs/,"August 14, 2009",0,17,27,10,0,3
Why seed investors don’t like convertible notes,http://cdixon.org/2009/08/12/why-seed-investors-dont-like-convertible-notes/,"August 12, 2009",0,1,16,0,0,0
Notes from brown bag lunch at Betaworks,http://cdixon.org/2009/08/05/notes-from-brown-bag-lunch-at-betaworks/,"August 5, 2009",0,3,23,0,0,0
Hunch decision topics,http://cdixon.org/2009/06/29/hunch-decision-topics/,"June 29, 2009",0,0,0,0,0,0
The farther away the better,http://cdixon.org/2009/06/22/228/,"June 22, 2009",0,0,0,0,0,0
The people want Jeeves back,http://cdixon.org/2009/06/19/the-people-want-jeeves-back/,"June 19, 2009",0,0,0,0,0,0
Hunch is open to the public!,http://cdixon.org/2009/06/15/hunch-is-open-to-the-public/,"June 15, 2009",0,0,0,0,0,0
10 facts,http://cdixon.org/2009/05/31/10-facts/,"May 31, 2009",0,0,0,0,0,0
The myth of the Eureka moment,http://cdixon.org/2009/05/15/the-myth-of-the-eureka-moment/,"May 15, 2009",0,3,1,2,0,1
Joining a startup is far less risky than most people think,http://cdixon.org/2009/05/11/joining-a-startup-is-far-less-risky-than-most-people-think/,"May 11, 2009",0,10,26,6,0,0
Mail pile,http://cdixon.org/2009/05/06/mail-pile/,"May 6, 2009",0,0,0,0,0,0
"password hints, security questions etc are a bad idea, reason #723",http://cdixon.org/2009/05/03/password-hints-security-questions-etc-are-a-bad-idea-reason-723/,"May 3, 2009",0,0,1,0,0,0
obama in nytimes magazine,http://cdixon.org/2009/05/03/obama-in-nytimes-magazine/,"May 3, 2009",0,0,0,0,0,0
oldie but goodie – funny stuff about VCs,http://cdixon.org/2009/04/30/oldie-but-goodie-funny-stuff-about-vcs/,"April 30, 2009",0,0,1,0,0,0
Founder vesting,http://cdixon.org/2009/04/21/founder-vesting/,"April 21, 2009",0,9,64,28,0,0
Naming your startup,http://cdixon.org/2009/04/18/naming-your-startup/,"April 18, 2009",0,3,70,35,0,0
From 1999,http://cdixon.org/2009/04/15/from-1999/,"April 15, 2009",0,0,0,0,0,0
NYTimes gets computer security wrong again,http://cdixon.org/2009/04/08/nytimes-gets-computer-security-wrong-again/,"April 8, 2009",0,0,0,0,0,0
Finally talking about…,http://cdixon.org/2009/03/28/finally-talking-about/,"March 28, 2009",0,0,0,0,0,0
Oh no you din’t!,http://cdixon.org/2009/03/16/oh-no-you-din/,"March 16, 2009",0,0,0,0,0,0
Remember when everyone wondered how Google was going to make money?,http://cdixon.org/2009/03/03/remember-when-everyone-wondered-how-google-was-going-to-make-money/,"March 3, 2009",0,0,0,0,0,0
brooklyn in the snow today,http://cdixon.org/2009/03/02/brooklyn-in-the-snow-today/,"March 2, 2009",0,0,0,0,0,0
optical illusion girlfriend,http://cdixon.org/2009/02/28/optical-illusion-girlfriend/,"February 28, 2009",0,0,0,0,0,0
tom has a blog,http://cdixon.org/2009/02/19/tom-has-a-blog/,"February 19, 2009",0,0,0,0,0,0
Garrison Keillor on Obama’s election,http://cdixon.org/2009/02/02/garrison-keillor-on-obamas-election/,"February 2, 2009",0,0,0,0,0,0
view of central park from skyscraper,http://cdixon.org/2009/01/22/view-of-central-park-from-skyscraper/,"January 22, 2009",0,0,0,0,0,0
i dropped my iphone in a bowl filled with water,http://cdixon.org/2008/12/29/i-dropped-my-iphone-in-a-bowl-filled-with-water/,"December 29, 2008",0,0,1,0,0,0
"barack, baby",http://cdixon.org/2008/11/19/barack-baby/,"November 19, 2008",0,0,0,0,0,0
this guy on my block was pretty excited about the election,http://cdixon.org/2008/11/16/this-guy-on-my-block-was-pretty-excited-about-the-election/,"November 16, 2008",0,0,0,0,0,0
great photos of Obama,http://cdixon.org/2008/11/06/great-photos-of-obama/,"November 6, 2008",0,0,0,0,0,0
nyc marathon,http://cdixon.org/2008/11/02/nyc-marathon/,"November 2, 2008",0,0,0,0,0,0
The Bill O’Reilly Kid,http://cdixon.org/2008/10/18/the-bill-oreilly-kid/,"October 18, 2008",0,0,0,0,0,0
This is what you get when the Fed is a student of Ayn Rand,http://cdixon.org/2008/10/09/alan-greenspan-is-almost-as-idiotic-as-his-hero-ayn-rand/,"October 9, 2008",0,0,0,0,0,0
sarah palin disney movie,http://cdixon.org/2008/09/25/sarah-palin-disney-movie/,"September 25, 2008",0,0,0,0,0,0
"Empire State Building, as shot by iPhone through a telescope",http://cdixon.org/2008/09/24/empire-state-building-as-shot-by-iphone-through-a-telescope/,"September 24, 2008",0,0,0,0,0,0
There are these two guys sitting together in a bar,http://cdixon.org/2008/09/17/there-are-these-two-guys-sitting-together-in-a-bar-in-the-remote-alaskan-wilderness/,"September 17, 2008",0,0,0,0,0,0
"",http://cdixon.org/2008/08/30/78/,"August 30, 2008",0,0,0,0,0,0
Things That Are Not Ironic,http://cdixon.org/2008/08/25/an-important-new-website/,"August 25, 2008",0,0,0,0,0,0
time magazine.  1978.  the computer society.,http://cdixon.org/2008/08/25/time-magazine-1978-the-computer-society/,"August 25, 2008",0,0,0,0,1,0
McSweeney’s corrections,http://cdixon.org/2008/08/20/corrections-to-last-months-letters/,"August 20, 2008",0,0,0,0,0,0
lamest video game endings,http://cdixon.org/2008/08/19/lamest-video-game-endings/,"August 19, 2008",0,0,0,0,0,0
old school,http://cdixon.org/2008/08/17/old-school/,"August 17, 2008",0,0,0,0,0,0
roof ball,http://cdixon.org/2008/08/14/roof-ball/,"August 14, 2008",0,0,0,0,0,0
Transformers,http://cdixon.org/2008/08/12/transformers/,"August 12, 2008",0,0,0,0,0,0
"letters, punctuation, numbers greater than 1, etc are for sissies",http://cdixon.org/2008/08/01/letters-punctuation-numbers-greater-than-1-etc-are-for-sissies/,"August 1, 2008",0,0,0,0,0,0
kelly ford,http://cdixon.org/2008/08/01/kelly-ford/,"August 1, 2008",0,0,0,0,0,0
enigmo = awesome,http://cdixon.org/2008/07/18/enigmo-awesome/,"July 18, 2008",0,0,0,0,0,0
"iphone apps- the good, bad, and mediocre",http://cdixon.org/2008/07/11/iphone-apps/,"July 11, 2008",0,0,0,0,0,0
i tried it and it’s true,http://cdixon.org/2008/07/11/i-tried-it-and-its-true/,"July 11, 2008",0,0,0,0,0,0
Big Picture,http://cdixon.org/2008/06/30/big-picture/,"June 30, 2008",0,0,0,0,0,0
south street in boston,http://cdixon.org/2008/06/01/south-street-in-boston/,"June 1, 2008",0,0,0,0,0,0
view of cambridge,http://cdixon.org/2008/05/30/view-of-cambridge/,"May 30, 2008",0,0,0,0,0,0
doritos truck spill,http://cdixon.org/2008/05/27/doritos-truck-spill/,"May 27, 2008",0,0,0,0,0,0
doug and tom’s manly paintball weekend,http://cdixon.org/2008/05/18/doug-and-toms-manly-paintball-weekend/,"May 18, 2008",0,0,0,0,0,0
moving day,http://cdixon.org/2008/05/09/moving-day/,"May 9, 2008",0,0,0,0,0,0
banner sized defender game,http://cdixon.org/2008/05/08/banner-sized-defender-game/,"May 8, 2008",0,0,0,0,0,0
daaaamn,http://cdixon.org/2008/05/07/daaaamn/,"May 7, 2008",0,0,0,0,0,0
go barack,http://cdixon.org/2008/05/06/go-barack/,"May 6, 2008",0,0,1,1,0,0
my apartment,http://cdixon.org/2008/05/06/i-want-to-stay-here/,"May 6, 2008",0,0,0,0,0,0
sunbelt blog,http://cdixon.org/2008/05/06/sunbelt-blog/,"May 6, 2008",0,0,0,0,0,0
liquidity and short term thinking,http://cdixon.org/2008/05/06/liquidity-and-short-term-thinking/,"May 6, 2008",0,0,0,0,0,0
"welcome, matt",http://cdixon.org/2008/05/05/welcome-matt/,"May 5, 2008",0,0,0,0,0,0
You remember the bar last July?,http://cdixon.org/2008/05/05/you-remember-the-bar-last-july/,"May 5, 2008",0,0,0,0,0,0
recently discovered,http://cdixon.org/2008/05/02/recently-discovered/,"May 2, 2008",0,0,0,0,0,0
Mossberg on SiteAdvisor,http://cdixon.org/2008/05/01/mossberg-on-siteadvisor/,"May 1, 2008",0,0,0,0,0,0
business books,http://cdixon.org/2008/04/29/business-books-i-recommend/,"April 29, 2008",0,0,0,0,0,0
pictures,http://cdixon.org/2008/04/28/pictures/,"April 28, 2008",0,0,0,0,0,0
Wator – population simulation,http://cdixon.org/2008/04/27/wator-population-simulation/,"April 27, 2008",0,0,0,0,0,0
barack,http://cdixon.org/2008/04/26/barack/,"April 26, 2008",0,0,0,0,0,0
office,http://cdixon.org/2008/04/26/office/,"April 26, 2008",0,0,0,0,0,0
Bad trend of the week:  security questions,http://cdixon.org/2008/04/26/bad-trend-of-the-week-security-questions/,"April 26, 2008",0,1,0,0,0,0
Shadow of the colossus,http://cdixon.org/2008/04/25/shadow-of-the-colossus/,"April 25, 2008",0,4,0,0,0,0
Found in the east village,http://cdixon.org/2008/04/25/found-in-the-east-village/,"April 25, 2008",0,0,0,0,0,0
html and gif art,http://cdixon.org/2008/04/24/html-and-gif-art/,"April 24, 2008",0,0,0,0,0,0
Some old photos,http://cdixon.org/2008/04/23/some-old-photos/,"April 23, 2008",0,0,0,0,0,0
Modern Art and Ticket To Ride,http://cdixon.org/2008/04/21/modern-art-and-ticket-to-ride/,"April 21, 2008",0,0,0,0,0,0
What to look for in hiring a VP Engineering for your internet startup,http://cdixon.org/2008/04/17/what-to-look-for-in-hiring-a-vp-engineering-for-your-internet-startup/,"April 17, 2008",0,0,0,0,0,0
Just upgraded my Verizon Broadband card to Rev A,http://cdixon.org/2008/04/17/just-upgraded-my-verizon-broadband-card-to-rev-a/,"April 17, 2008",0,0,0,0,0,0
Book Spam,http://cdixon.org/2008/04/14/book-spam/,"April 14, 2008",0,0,0,0,0,0
Advice for writing startup business plans,http://cdixon.org/2008/04/14/switching-from-tumblr-to-wordpress/,"April 14, 2008",0,0,1,0,0,0
Cranes on the pier of the Hudson River,http://cdixon.org/2008/04/10/cranes-on-the-pier-of-the-hudson-river/,"April 10, 2008",0,0,0,0,0,0
switched to wordpress from tumblr,http://cdixon.org/2008/04/09/switched-to-wordpress-from-tumblr/,"April 9, 2008",0,0,0,0,0,0
