Title,Link,Comments,Likes,Tweets,LinkedIn,Pins,+ 1's
"Sales 101: Change their mood, not their mind",http://www.quicksprout.com/2012/06/14/sales-101-change-their-mood-not-their-mind/,0,28,122,47,2,13
5 Ways to Get Your Infographic to Go Viral,http://www.quicksprout.com/2012/06/11/5-ways-to-get-your-infographic-to-go-viral/,0,45,263,88,27,19
How Content Curation Can Improve Your Search Rankings,http://www.quicksprout.com/2012/06/07/how-content-curation-can-improve-your-search-rankings/,0,51,256,98,2,30
Forget SEO: Here’s How to Write a Post That Goes Viral,http://www.quicksprout.com/2012/06/04/forget-seo-heres-how-to-write-a-post-that-goes-viral/,0,105,527,213,3,75
How to Make Your Small Business Stand Out with These 8 Marketing Twists,http://www.quicksprout.com/2012/05/29/how-to-make-your-small-business-stand-out-with-these-8-marketing-twists/,0,70,363,168,5,20
The 3-Step Process to Creating an Effective and Profitable Keyword Plan,http://www.quicksprout.com/2012/05/24/the-3-step-process-to-creating-an-effective-and-profitable-keyword-plan/,0,27,216,74,12,19
7 Marketing Lessons the Real Mad Men Taught Me,http://www.quicksprout.com/2012/05/21/7-marketing-lessons-the-real-mad-men-taught-me/,0,42,251,107,4,24
Which of These 3 Case Studies Will Grow Your Sales?,http://www.quicksprout.com/2012/05/17/which-of-these-3-case-studies-will-grow-your-sales/,0,22,119,39,2,18
What You Ought to Do If You’ve Been Punished by Google’s Penguin Update,http://www.quicksprout.com/2012/05/14/what-you-ought-to-do-if-youve-been-punished-by-googles-penguin-update/,0,82,172,70,7,19
The Beginner’s Guide to Mobile App Marketing,http://www.quicksprout.com/2012/05/10/the-beginners-guide-to-mobile-app-marketing/,0,64,363,117,6,34
How to Get a Boatload of People to Pin Your Products to Pinterest,http://www.quicksprout.com/2012/05/07/how-to-get-a-boatload-of-people-to-pin-your-products-to-pinterest/,0,161,238,66,14,36
"The Alex Mangini Story: Learn how an 18-year old skipped college to make $120,000 a year",http://www.quicksprout.com/2012/05/03/the-alex-mangini-story-learn-how-an-18-year-old-skipped-college-to-make-120000-a-year/,0,301,193,66,2,45
6 Ways to Generate More Traffic Out of Your Images,http://www.quicksprout.com/2012/04/30/6-ways-to-generate-more-traffic-out-of-your-images/,0,72,285,67,10,34
Want a 150% Boost in Traffic? Then Use This Idiot-Proof Guide to Google Authorship Markup,http://www.quicksprout.com/2012/04/27/want-a-150-boost-in-traffic-then-use-this-idiot-proof-guide-to-google-authorship-markup/,0,53,235,79,3,46
The Secret to Getting Highly Targeted Traffic from StumbleUpon,http://www.quicksprout.com/2012/04/24/the-secret-to-getting-highly-targeted-traffic-from-stumbleupon/,0,140,214,83,2,25
"The Real Secret to 1,000 Blog Subscribers in 60 Days or Less",http://www.quicksprout.com/2012/04/16/the-real-secret-to-1000-blog-subscribers-in-60-days-or-less/,0,33,229,80,7,33
8 Marketing Lessons from RIM’s Slow Death,http://www.quicksprout.com/2012/04/12/8-marketing-lessons-from-rims-slow-death/,0,126,308,115,3,27
7 Link Building Mistakes You Ought to Avoid,http://www.quicksprout.com/2012/04/09/7-link-building-mistakes-you-ought-to-avoid/,0,112,412,152,16,83
10 Lessons Seth Godin Can Teach You About Blogging,http://www.quicksprout.com/2012/04/05/10-lessons-seth-godin-can-teach-you-about-blogging/,0,179,796,283,10,123
How to Build Links Through Guest Blogging,http://www.quicksprout.com/2012/04/02/how-to-build-links-through-guest-blogging/,0,31,289,110,39,21
How to Optimize Your Mobile Site for Search Engines,http://www.quicksprout.com/2012/03/29/how-to-optimize-your-mobile-site-for-search-engines/,0,35,267,111,0,34
How to Optimize Your Business For Local Search and Social Marketing,http://www.quicksprout.com/2012/03/26/how-to-optimize-your-business-for-local-search-and-social-marketing/,0,272,386,203,12,74
The Marketer’s Guide to Blogging,http://www.quicksprout.com/2012/03/22/marketers-guide-to-blogging/,0,165,399,150,8,63
How to Rank on the First Page of Google Through Videos,http://www.quicksprout.com/2012/03/19/how-to-rank-on-the-first-page-of-google-through-videos/,0,146,354,153,5,55
How to Get Bloggers to Reply to Your Comments,http://www.quicksprout.com/2012/03/15/how-to-get-bloggers-to-reply-to-your-comments/,0,66,231,70,3,32
The Marketer’s Guide to the New Facebook Pages,http://www.quicksprout.com/2012/03/12/the-marketers-guide-to-the-new-facebook-pages/,0,195,411,134,8,47
9 Hard-Hitting Content Strategies for Small Business Blogging,http://www.quicksprout.com/2012/03/08/9-hard-hitting-content-strategies-for-small-business-blogging/,0,96,519,221,44,96
How to Leverage Groupon’s Affiliate Marketing Model to Grow Your Business,http://www.quicksprout.com/2012/03/05/how-to-leverage-groupons-affiliate-marketing-model-to-grow-your-business/,0,8,117,36,0,14
"10 WordPress Plugins for a Faster, More Search Friendly Blog",http://www.quicksprout.com/2012/03/01/10-wordpress-plugins-for-a-faster-more-search-friendly-blog/,0,53,367,111,11,50
The 3-Step Secret to More Quality Links in Less Time,http://www.quicksprout.com/2012/02/27/the-3-step-secret-to-more-quality-links-in-less-time/,0,20,231,58,6,21
8 Simple SEO Tricks That’ll Help You Rank Above the Fold and Increase Your CTR,http://www.quicksprout.com/2012/02/23/seo-tricks-to-help-you-rank-above-the-fold-and-increase-your-ctr/,0,70,515,176,16,61
An Advanced Guide to an Effective SEO Commenting Strategy,http://www.quicksprout.com/2012/02/21/an-advanced-guide-to-an-effective-seo-commenting-strategy/,0,35,317,76,5,39
Design is Marketing,http://www.quicksprout.com/2012/02/16/design-is-marketing/,0,91,552,171,16,60
"10 Ways to Get More Traffic, Attention and Higher Rankings Through Social Sharing",http://www.quicksprout.com/2012/02/13/10-ways-to-get-more-traffic-attention-and-higher-rankings-through-social-sharing/,0,68,475,150,13,62
How to Leverage Link Blending and Stage 2 Link Building to Maximize Your Rankings,http://www.quicksprout.com/2012/02/09/how-to-leverage-link-blending-and-stage-2-link-building-to-maximize-your-rankings/,0,19,191,58,3,32
The Marketer’s Guide to Pinterest,http://www.quicksprout.com/2012/02/06/the-marketers-guide-to-pinterest/,0,353,1169,409,180,186
A Step-by-Step Guide to Winning (Almost) Every Single Negotiation,http://www.quicksprout.com/2012/02/02/a-step-by-step-guide-to-winning-almost-every-single-negotiation/,0,60,294,84,28,46
100 Ways to Become a Twitter Power User,http://www.quicksprout.com/2012/01/30/100-ways-to-become-a-twitter-power-user/,0,112,1553,419,24,138
How to Become the Person Everyone Wants to Interview,http://www.quicksprout.com/2012/01/26/how-to-become-the-person-everyone-wants-to-interview/,0,33,191,65,2,17
How to Design Your Blog for Awesome SEO,http://www.quicksprout.com/2012/01/23/how-to-design-your-blog-for-awesome-seo/,0,37,320,92,3,23
6 Branding Approaches They Forgot to Teach You in Business School,http://www.quicksprout.com/2012/01/19/6-branding-approaches-they-forgot-to-teach-you-in-business-school/,0,63,415,153,6,31
8 Things Your Blog Readers Want More Than Good Content,http://www.quicksprout.com/2012/01/16/8-things-your-blog-readers-want-more-than-good-content/,0,52,347,105,4,63
6 Business Lessons You Can Learn from the Rise of Dropbox,http://www.quicksprout.com/2012/01/12/6-business-lessons-you-can-learn-from-the-rise-of-dropbox/,0,73,384,91,4,34
10 Hard-Hitting Link Building Tactics That’ll Boost Your Rankings,http://www.quicksprout.com/2012/01/09/10-hard-hitting-link-building-tactics/,0,49,383,124,10,58
6 On-Page SEO Strategies That’ll Boost Your Rankings,http://www.quicksprout.com/2012/01/06/6-on-page-seo-strategies-that-will-boost-your-rankings/,0,33,258,109,4,45
How to Grow Your Blog with the Rule of 10,http://www.quicksprout.com/2012/01/03/how-grow-your-blog-with-the-rule-of-10/,0,28,290,73,3,30
5 Lessons Fortune 500 Companies Can Teach You About Blogging,http://www.quicksprout.com/2011/12/28/5-lessons-fortune-500-companies-can-teach-you-about-blogging/,0,14,248,81,1,31
5 Steps to a Better SEO Strategy,http://www.quicksprout.com/2011/12/22/5-steps-to-a-better-seo-strategy/,0,19,235,83,1,39
4 Ways to Grow Your Business with Marketing Automation,http://www.quicksprout.com/2011/12/19/4-ways-to-grow-your-business-with-marketing-automation/,0,24,211,72,1,23
The Doina Oncel Story: How a abused single mother went from being homeless to becoming a successful entrepreneur,http://www.quicksprout.com/2011/12/15/the-doina-oncel-story-how-a-single-abused-mother-went-from-being-homeless-to-becoming-a-successful-entrepreneur/,0,29,103,20,1,25
5 Reasons Why You Can’t Make Your Email Marketing Work (And how-to fix it),http://www.quicksprout.com/2011/12/12/5-reasons-why-you-cant-make-your-email-marketing-work/,0,10,199,69,0,21
How to Create a Jaw Dropping Social Media Strategy in 5 Steps,http://www.quicksprout.com/2011/12/08/how-to-create-a-jaw-dropping-social-media-strategy-in-5-steps/,0,55,325,106,44,63
10 SEO Trends You Can’t Ignore If You Want High Rankings,http://www.quicksprout.com/2011/12/05/10-seo-trends-you-cant-ignore-if-you-want-high-rankings/,0,25,352,145,6,65
What I learned about you through 5 redesigns,http://www.quicksprout.com/2011/12/01/what-i-learned-about-you-through-5-redesigns/,0,6,149,39,7,26
10 Ways to Get More ReTweets,http://www.quicksprout.com/2011/11/28/10-ways-to-get-more-retweets/,0,112,840,265,7,45
A Quick and Dirty Guide to Content Marketing,http://www.quicksprout.com/2011/11/22/content-marketing/,0,68,242,73,4,47
How to Write SEO Friendly Blog Posts with These 13 Questions,http://www.quicksprout.com/2011/11/17/how-to-write-seo-friendly-blog-posts-with-these-13-questions/,0,59,265,107,4,48
Neil Patel’s Guide to Blogging,http://www.quicksprout.com/2011/11/14/neil-patels-guide-to-blogging/,0,68,260,62,6,47
7 Marketing Lessons You Can Learn From The Simpsons,http://www.quicksprout.com/2011/11/10/7-marketing-lessons-you-can-learn-from-the-simpsons/,0,31,230,64,12,22
Can you handle the truth?,http://www.quicksprout.com/2011/11/07/can-you-handle-the-truth/,0,20,105,15,1,20
How to Create a Company That Can Run without You,http://www.quicksprout.com/2011/11/03/how-to-create-a-company-that-can-run-without-you/,0,38,189,49,7,30
7 Habits of Highly Effective SEOs,http://www.quicksprout.com/2011/10/31/7-habits-of-highly-effective-seos/,0,42,205,76,9,33
"How to Go From Making $32 an Hour to $115,000 an Hour",http://www.quicksprout.com/2011/10/27/how-to-go-from-making-32-per-hour-to-115000-per-hour/,0,60,161,35,1,23
Do You Have What It Takes to Run a Startup?,http://www.quicksprout.com/2011/10/24/do-you-have-what-it-takes-to-run-a-startup/,0,72,258,73,3,37
The Social Media Handbook – 57 Resources For First Time Entrepreneurs,http://www.quicksprout.com/2011/10/20/social-media-handbook/,0,65,304,99,2,38
The Startup Guide to Building a Killer Sales Team,http://www.quicksprout.com/2011/10/17/the-startup-guide-to-building-a-killer-sales-team/,0,23,210,70,1,13
"The Juan Chaparro Story: How a 27 year-old maid makes $150,000 a year",http://www.quicksprout.com/2011/10/13/the-juan-chaparro-story-how-a-23-year-old-went-from-being-a-maid-to-make-150000-a-year/,0,30,101,24,1,15
You don’t have to be smart to be an entrepreneur… you just have to be smart enough!,http://www.quicksprout.com/2011/10/10/you-dont-have-to-be-smart-to-be-an-entrepreneur-you-just-have-to-be-smart-enough/,0,16,255,51,1,23
11 Business Lessons Steve Jobs Taught Me,http://www.quicksprout.com/2011/10/06/11-things-steve-jobs-taught-me/,0,259,279,99,4,48
8 Marketing Ideas to Grow Your Start Up to Mythic Proportions,http://www.quicksprout.com/2011/10/03/bigger-than-jesus-8-marketing-ideas-to-grow-your-start-up-to-mythic-proportions/,0,26,122,31,1,17
7 Sneaky Ways to Turn Your Startup Into a Real Business,http://www.quicksprout.com/2011/09/29/7-sneaky-ways-to-turn-your-startup-into-a-real-business/,0,37,232,95,8,27
Why You Should Get Drunk – The ROI of Partying,http://www.quicksprout.com/2011/09/26/why-you-should-get-drunk-%e2%80%93-the-roi-of-partying/,0,266,156,0,0,40
What Being an Advisor to 17 Companies Taught Me,http://www.quicksprout.com/2011/09/22/what-being-an-advisor-to-17-companies-taught-me/,0,18,106,20,1,10
7 Lessons Learned From Running a Consulting Company,http://www.quicksprout.com/2011/09/19/7-lessons-learned-from-running-a-consulting-company/,0,73,237,53,0,28
"7 Common Sales Mistakes, and How to Avoid Them",http://www.quicksprout.com/2011/09/15/7-common-sales-mistakes-and-how-to-avoid-them/,0,47,158,45,0,11
Why You Should Dress to Impress – The ROI of Fashion,http://www.quicksprout.com/2011/09/12/why-you-should-dress-to-impress-%e2%80%93-the-roi-of-fashion/,0,93,151,0,0,19
21 Big Marketing Ideas for Small Marketing Budgets,http://www.quicksprout.com/2011/09/08/21-big-marketing-ideas-for-small-marketing-budgets/,0,218,713,154,5,50
The Mark Zuckerberg Guide to Building Facebook Profiles,http://www.quicksprout.com/2011/09/06/the-mark-zuckerberg-guide-to-building-facebook-profiles/,0,91,168,32,0,12
Does Google PageRank Really Matter?,http://www.quicksprout.com/2011/08/31/does-google-pagerank-really-matter/,0,51,152,23,0,22
7 Things To Do When Hanging Out With The Neil Patel,http://www.quicksprout.com/2011/08/29/7-things-to-do-when-hanging-out-with-the-neil-patel/,0,22,57,7,0,8
How Social Media Affects SEO,http://www.quicksprout.com/2011/08/24/how-social-media-affects-seo/,0,141,792,220,1,80
11 Rules to Work By,http://www.quicksprout.com/2011/08/22/11-rules-to-work-by/,0,120,335,76,1,25
Absolutely Everything You Need to Know About the Google Panda Update,http://www.quicksprout.com/2011/08/18/absolutely-everything-you-need-to-know-about-the-google-panda-update/,0,96,132,24,0,25
How to Control Your Emotions,http://www.quicksprout.com/2011/08/16/how-to-control-your-emotions/,0,44,97,8,0,10
6 Ways to Supercharge Your Business,http://www.quicksprout.com/2011/08/10/6-ways-to-supercharge-your-business/,0,32,198,44,2,25
6 Advanced Ways to Improve Your Search Engine Rankings,http://www.quicksprout.com/2011/08/01/6-advanced-ways-to-improve-your-search-engine-rankings/,0,54,364,93,0,63
Why Your Business Ought to Use Google Plus,http://www.quicksprout.com/2011/07/15/why-your-business-ought-to-use-google-plus/,0,32,190,46,0,56
What a Bridesmaid Taught Me About Business,http://www.quicksprout.com/2011/07/06/what-a-bridesmaid-taught-me-about-business/,0,20,133,29,0,3
7 Business Mistakes You Ought to Avoid,http://www.quicksprout.com/2011/06/30/7-business-mistakes-you-ought-to-avoid/,0,65,252,84,0,1
6 Reasons You Won’t Succeed,http://www.quicksprout.com/2011/06/20/6-reasons-you-wont-succeed/,0,124,252,68,0,3
A day in the life of Neil Patel,http://www.quicksprout.com/2011/06/16/the-day-in-the-life-of-neil-patel/,0,5,52,15,0,0
What Robert De Niro Knows That You Don’t About Business,http://www.quicksprout.com/2011/05/26/what-robert-de-niro-knows-that-you-dont-about-business/,0,99,205,112,0,1
How to Keep Your Employees Happy While Pushing Them to Their Limit,http://www.quicksprout.com/2011/05/18/how-to-make-your-employees-happy-while-pushing-them-to-their-limit/,0,100,234,148,0,6
Neil Patel’s Guide To Closing BIG Deals,http://www.quicksprout.com/2011/05/04/the-neil-patel-guide-to-closing-big-deals/,0,81,329,233,0,10
The 10 People Who Led Me to Success,http://www.quicksprout.com/2011/04/21/the-10-people-who-led-me-to-success/,0,49,63,33,0,0
How to Create a Popular Blog,http://www.quicksprout.com/2011/04/13/how-to-create-a-popular-blog/,0,51,265,158,12,3
From a notebook to launching a startup – 10 lessons learned from a not so fast company,http://www.quicksprout.com/2011/04/09/from-a-notebook-to-launching-a-startup-10-lessons-learned-from-a-not-so-fast-company/,0,84,491,291,0,2
10 Things Every Entrepreneur Needs to Try,http://www.quicksprout.com/2011/04/01/10-things-every-entrepreneur-needs-to-try/,0,122,375,244,0,0
How much money do you really need?,http://www.quicksprout.com/2011/03/16/how-much-money-do-you-really-need/,0,126,204,125,0,3
Who’s on your Nascar pit crew?,http://www.quicksprout.com/2011/03/07/whos-on-your-nascar-pit-crew/,0,45,55,27,0,1
5 Ways To Revitalize Your Stagnant Business,http://www.quicksprout.com/2011/02/25/5-ways-to-revitalize-your-stagnant-business/,0,46,255,189,0,1
What Interviewing 31 Sales People Taught Me About “Sales”,http://www.quicksprout.com/2011/02/15/what-interviewing-31-sales-people-taught-me-about-sales/,0,18,208,134,0,1
5 SEO Mistakes that Crush Rankings,http://www.quicksprout.com/2011/02/02/5-seo-mistakes-that-crush-rankings/,0,77,512,320,0,0
"My 5 Favorite, but Often Ignored, Marketing Tactics",http://www.quicksprout.com/2011/01/20/my-5-favorite-but-often-ignored-marketing-tactics/,0,79,444,4,1,3
You’re the reason why you don’t have a job,http://www.quicksprout.com/2011/01/12/you-are-the-reason-you-dont-have-a-job/,0,131,167,66,1,0
Business isn’t fun!,http://www.quicksprout.com/2010/12/29/business-isnt-fun/,0,95,242,11,0,0
The Secret to Learning SEO,http://www.quicksprout.com/2010/12/17/the-secret-of-learning-seo/,0,22,157,59,0,0
"Focus on what you’re good at, and nothing else!",http://www.quicksprout.com/2010/12/09/focus-on-what-youre-good-at-and-nothing-else/,0,90,305,52,0,1
5 Computer Illiterate People Who Make Money Online,http://www.quicksprout.com/2010/12/03/five-computer-illiterate-people-that-make-money-online/,0,54,184,6,0,1
How I Grew My RSS Subscription Count by 243%,http://www.quicksprout.com/2010/11/18/how-i-grew-my-rss-subscription-count-by-243/,0,15,180,10,0,2
"Stress, It Does a Body Good",http://www.quicksprout.com/2010/11/09/stress-it-does-a-body-good/,0,27,89,1,16,0
The 1 Thing You Have to Understand If You Don’t Want Your Business to Tank,http://www.quicksprout.com/2010/11/03/the-1-thing-you-have-to-understand-if-you-dont-want-your-business-to-tank/,0,49,188,13,0,2
What I Learned About Entrepreneurship Through 15 Angel Investments,http://www.quicksprout.com/2010/10/28/what-i-learned-about-entrepreneurship-through-15-angel-investments/,0,92,352,12,0,0
How to Effectively Use Testimonials,http://www.quicksprout.com/2010/10/21/how-to-effectively-use-testimonials/,0,26,227,14,0,1
121 Creative Advertisements That’ll Make You Look Twice,http://www.quicksprout.com/2010/10/12/121-creative-advertisements-thatll-make-you-look-twice/,0,78,333,6,0,0
7 Lessons Learned from Monetizing Quick Sprout,http://www.quicksprout.com/2010/10/07/7-lessons-learned-from-monetizing-quick-sprout/,0,41,66,1,0,0
8 Things I Wish I Knew When I Became an Entrepreneur,http://www.quicksprout.com/2010/09/28/8-things-i-wish-i-knew-when-i-became-an-entrepreneur/,0,71,113,3,0,0
The SEO’s Handbook – 53 Resources For First Time SEOs,http://www.quicksprout.com/2010/09/21/the-seos-handbook-53-resources-for-first-time-seos/,0,139,623,24,11,6
7 WordPress Plugins You Ought to Know About,http://www.quicksprout.com/2010/09/15/7-wordpress-plugins-you-ought-to-know-about/,0,78,253,0,0,1
If I could do it all over again… I wouldn’t,http://www.quicksprout.com/2010/09/08/if-i-could-do-it-all-over-again-i-wouldnt/,0,25,61,2,0,0
Blogging: It’s not so simple when it’s for a business,http://www.quicksprout.com/2010/08/31/blogging-its-not-so-simple-when-its-for-a-business/,0,19,141,1,0,1
Little Tricks to Get More Customers Smiling,http://www.quicksprout.com/2010/08/27/little-tricks-to-get-more-customers-smiling/,0,29,133,2,0,1
7 Business Principles That You Have to Follow,http://www.quicksprout.com/2010/08/05/7-business-principles-that-you-have-to-follow/,0,25,118,2,0,1
10 Mistakes You’ll Make When Starting a Business,http://www.quicksprout.com/2010/07/26/10-mistakes-youll-make-when-starting-a-business/,0,88,278,20,0,1
How to Rank on Page 1 of Google Without Buying One Paid Link,http://www.quicksprout.com/2010/07/23/how-to-rank-on-page-1-of-google-without-buying-one-paid-link/,0,65,222,2,0,2
How to Use Game Mechanics to Improve Your SEO,http://www.quicksprout.com/2010/07/14/how-to-use-game-mechanics-to-improve-your-seo/,0,0,225,22,0,2
Don’t Screw Up Your Kid’s Future,http://www.quicksprout.com/2010/07/07/dont-screw-up-your-kids-future/,0,73,50,0,0,0
Why immigrants are more successful than you!,http://www.quicksprout.com/2010/06/30/why-immigrants-are-more-successful-than-you/,0,176,120,5,0,1
15 Warning Signs That Your Business Sucks,http://www.quicksprout.com/2010/06/23/15-warning-signs-that-your-business-sucks/,0,47,181,2,1,2
What I learned about you through KISSinsights,http://www.quicksprout.com/2010/05/18/what-i-learned-about-you-through-kissinsights/,0,0,5,0,0,1
Do Business Like A Prostitute,http://www.quicksprout.com/2010/05/03/do-business-like-a-prostitute/,0,144,13,0,0,0
How Not to Market Your Startup,http://www.quicksprout.com/2010/04/21/how-not-to-market-your-startup/,0,29,26,2,0,0
7 Things Seattle Taught me About Business,http://www.quicksprout.com/2010/04/12/7-things-seattle-taught-me-about-business/,0,6,4,1,0,0
Beginner’s Guide to Corporate Entities,http://www.quicksprout.com/2010/03/31/beginners-guide-to-corporate-entities/,0,36,16,3,0,3
Do you want to save a life? All you have to do is tweet!,http://www.quicksprout.com/2010/03/29/do-you-want-to-save-a-life-all-you-have-to-do-is-tweet/,0,9,4,1,0,0
What a flight attendant taught me about business,http://www.quicksprout.com/2010/03/25/what-an-airline-stewardess-taught-me-about-business/,0,31,6,1,0,0
How to Build Backlinks,http://www.quicksprout.com/2010/03/17/7-ways-to-legitimately-build-backlinks/,0,33,43,8,0,13
The Entrepreneur’s Guide to Web 2.0: Top 25 Applications to Grow Your Business,http://www.quicksprout.com/2010/03/02/the-entrepreneurs-guide-to-web-2-0-top-25-applications-to-grow-your-business/,0,53,23,5,0,0
What I learned about you through 4 redesigns,http://www.quicksprout.com/2010/02/25/what-i-learned-about-you-through-4-redesigns/,0,12,12,0,0,1
Why I live in a hotel…,http://www.quicksprout.com/2010/02/24/why-i-live-in-a-hotel/,0,19,5,1,0,1
Are You Making These Business Mistakes?,http://www.quicksprout.com/2010/02/22/the-big-mistakes-successful-entrepreneurs-never-talk-about/,0,38,24,1,0,0
The Complexity of the U.S. Tax System,http://www.quicksprout.com/2010/02/18/the-complexity-of-the-us-tax-system/,0,107,7,1,1,1
Introducing Quick Sprout Answers,http://www.quicksprout.com/2010/02/16/introducing-quick-sprout-answers/,0,0,1,0,0,0
The 7 Harsh Realities of SEO,http://www.quicksprout.com/2010/02/15/the-7-harsh-realities-of-seo/,0,26,68,3,0,0
Why I’ll never live in a rich neighborhood…,http://www.quicksprout.com/2010/02/12/why-ill-never-live-in-a-rich-neighborhood/,0,19,1,0,0,0
Business Advice In Three Words,http://www.quicksprout.com/2010/02/03/business-advice/,0,50,65,15,0,3
Here’s the Biggest Mistake You’re Going to Make…,http://www.quicksprout.com/2010/01/26/heres-the-biggest-mistake-youre-going-to-make/,0,26,1,0,0,0
48 Unusually Brilliant Business Card Designs,http://www.quicksprout.com/2010/01/20/48-unusually-brilliant-business-card-designs/,0,44,7,1,4,3
New Year’s Resolution… Oh Yea I Made One of Those,http://www.quicksprout.com/2010/01/11/new-years-resolution-oh-yea-i-made-one-of-those/,0,1,1,0,0,0
"It’s not what your employees can do for your business, it’s what you can do!",http://www.quicksprout.com/2010/01/06/its-not-what-your-employees-can-do-for-your-business-its-what-you-can-do/,0,5,2,0,0,0
"The Less You Know, The More Money You’ll Make",http://www.quicksprout.com/2010/01/04/the-less-you-know-the-more-money-youll-make/,0,9,1,0,0,0
10 Business Mistakes That Will Nearly Break You… Literally,http://www.quicksprout.com/2009/12/28/10-business-mistakes-that-will-nearly-break-you-literally/,0,23,3,0,0,0
The best advice you’ll ever get: Hang out with rich people!,http://www.quicksprout.com/2009/12/22/the-best-advice-youll-ever-get-hang-out-with-rich-people/,0,46,3,0,0,0
"Customers are always right, except when they are wrong",http://www.quicksprout.com/2009/12/17/customers-are-always-right/,0,6,1,0,0,0
Why Entrepreneurs Shouldn’t Write Business Plans,http://www.quicksprout.com/2009/12/15/why-you-shouldnt-write-a-business-plan/,0,15,29,1,0,1
Getting Rich Quickly Will Make You Poor!,http://www.quicksprout.com/2009/12/10/getting-rich-quickly-will-make-you-poor/,0,11,4,2,0,0
101 Motivational Business Quotes,http://www.quicksprout.com/2009/12/07/101-motivational-business-quotes/,0,412,157,51,45,23
Why You Need to Make a Facebook Fan Page,http://www.quicksprout.com/2009/12/04/why-you-need-to-make-a-facebook-fan-page/,0,14,3,2,0,1
How to Hire a Good Designer and Developer,http://www.quicksprout.com/2009/12/02/how-to-hire-a-good-designer-and-developer/,0,1,3,1,0,0
The 7 Harsh Realities of Starting a Business,http://www.quicksprout.com/2009/11/24/the-7-harsh-realities-of-starting-a-business/,0,16,12,3,0,0
How Being a “Patel” Made Me Somewhat Successful,http://www.quicksprout.com/2009/11/19/how-being-a-patel-made-me-somewhat-successful/,0,43,0,0,0,1
How I Got Started In Blogging,http://www.quicksprout.com/2009/11/16/how-i-got-started-in-blogging/,0,4,0,0,0,0
My Million Dollar Mistake,http://www.quicksprout.com/2009/11/10/my-million-dollar-mistake/,0,26,56,11,0,4
Beginner’s Guide to Finding the Right Business Partner,http://www.quicksprout.com/2009/11/04/finding-the-right-business-partner/,0,9,13,6,0,2
How to Compel Your Visitors Into Subscribing to Your Blog,http://www.quicksprout.com/2009/10/30/how-to-compel-your-visitors-into-subscribing-to-your-blog/,0,1,1,3,0,0
Your Idea Sucks!,http://www.quicksprout.com/2009/10/26/your-idea-sucks/,0,4,0,0,0,0
My Top 10 Worst Money Making Ideas,http://www.quicksprout.com/2009/10/19/my-top-10-worst-ideas-to-make-money/,0,11,4,0,0,0
The Best Thing My Parents Taught Me…,http://www.quicksprout.com/2009/10/10/the-best-thing-my-parents-thought-me/,0,1,0,0,0,0
Beginner’s Guide to Attending Conferences,http://www.quicksprout.com/2009/09/16/beginners-guide-to-attending-conferences/,0,37,64,45,0,0
Your First 30 Days of Blogging,http://www.quicksprout.com/2009/09/09/your-first-30-days-of-blogging/,0,19,44,2,0,0
Ask the readers: What makes a great entrepreneur?,http://www.quicksprout.com/2009/09/03/ask-the-readers-what-makes-a-great-entrepreneur/,0,15,44,0,0,0
10 Business Lessons I Learned This Year,http://www.quicksprout.com/2009/08/31/10-business-lessons-i-learned-this-year/,0,16,21,0,0,1
"Forget the Fortune 500, It’s All About the Fortune 5,000,000!",http://www.quicksprout.com/2009/08/24/fuck-the-fortune-500-its-all-about-the-fortune-5000000/,0,9,0,0,0,0
8 Ways to Improve Your Web-Based Business,http://www.quicksprout.com/2009/08/20/8-ways-to-improve-your-web-based-business/,0,7,31,0,0,0
Stop paying for marketing! Here is how you can market your company for free.,http://www.quicksprout.com/2009/08/13/how-to-market-your-company-for-free/,0,12,23,1,0,0
53 Ways to Become a Better Entrepreneur,http://www.quicksprout.com/2009/08/07/51-ways-to-become-a-better-entrepreneur/,0,545,1318,221,28,16
"Business Lesson #1: Pigs Get Fat, Hogs Get Slaughtered!",http://www.quicksprout.com/2009/08/04/business-lesson-1-pigs-get-fat-hogs-get-slaughtered/,0,69,62,9,0,1
Thinking about starting a business? Here is why you shouldn’t!,http://www.quicksprout.com/2009/07/28/thinking-about-starting-a-business-here-is-why-you-shouldn%e2%80%99t/,0,6,0,0,0,0
How To Write A Blog Post,http://www.quicksprout.com/2009/07/21/how-to-write-a-blog-post/,0,19,26,3,1,6
8 Things I Learned About You,http://www.quicksprout.com/2009/07/14/8-things-i-learned-about-you/,0,0,0,0,0,0
Stop Using Twitter… For Fun,http://www.quicksprout.com/2009/07/05/stop-using-twitter-for-fun/,0,7,10,1,0,1
How to Become a Better Entrepreneur in the Next 30 Minutes,http://www.quicksprout.com/2009/05/25/how-to-be-a-better-entrepreneur-in-the-next-30-minutes/,0,45,104,21,0,3
How to Build a Business by Working for Free,http://www.quicksprout.com/2009/05/21/how-to-build-a-business-by-working-for-free/,0,3,6,5,0,0
The Real Secret to Successful Networking,http://www.quicksprout.com/2009/05/17/the-real-secret-to-successful-network/,0,12,20,4,0,0
The Entrepreneur’s Handbook – 59 Resources For First Time Entrepreneurs,http://www.quicksprout.com/2009/05/10/the-internet-entrepreneurs-handbook-%e2%80%93-54-resources-for-first-time-entrepreneurs/,0,284,381,0,0,23
8 Things I Wish I Knew When Starting My First Business,http://www.quicksprout.com/2009/05/05/8-things-i-wish-i-knew-when-starting-my-first-business/,0,18,8,2,0,1
The Andrew Warner Story: How a 21 Year-Old Created a 38.5 Million Dollar Business by Returning His J.Crew Clothes,http://www.quicksprout.com/2009/04/08/the-andrew-warner-story-how-a-21-year-old-created-a-385-million-dollar-business-by-returning-his-jcrew-clothes/,0,45,20,1,0,0
Don’t Give Up!,http://www.quicksprout.com/2009/03/02/don%e2%80%99t-give-up/,0,18,1,0,0,0
Strapped For Cash? Billshrink Can Save You Thousands!,http://www.quicksprout.com/2009/02/26/strapped-for-cash-sign-up-for-billshrink/,0,0,0,0,0,0
15 Things I Wish I Had Known When I Started My First Blog,http://www.quicksprout.com/2009/02/15/15-things-i-wish-i-had-known-when-i-started-my-first-blog/,0,18,1,2,0,0
How to Optimize Your Blog for Search Engines,http://www.quicksprout.com/2009/02/02/how-to-optimize-your-blog-for-search-engines/,0,16,37,1,1,2
7 Reasons My First Business Failed,http://www.quicksprout.com/2009/01/25/7-reasons-my-first-business-failed/,0,10,20,3,0,1
How to Raise Venture Capital,http://www.quicksprout.com/2009/01/21/how-to-raise-venture-capital/,0,32,26,9,1,5
7 Business Mistakes That Nearly Broke Me… Literally,http://www.quicksprout.com/2009/01/14/7-business-mistakes-that-nearly-made-me-go-broke/,0,19,31,10,1,1
Want to be successful? Learn how to sell!,http://www.quicksprout.com/2009/01/13/want-to-be-successful-then-learn-how-to-sell/,0,36,26,9,0,5
Why Being the Loudest Makes You the Weakest,http://www.quicksprout.com/2009/01/11/the-ones-that-speak-the-loudest-are-the-weakest/,0,24,4,1,0,1
Looking for a mentor? Why not use mine.,http://www.quicksprout.com/2009/01/06/looking-for-a-mentor-why-not-use-mine/,0,4,3,1,0,0
What Your Goals For 2009 Ought To Be!,http://www.quicksprout.com/2009/01/04/what-your-goals-for-2009-ought-to-be/,0,3,0,0,0,0
How Many Cookie Jars Is Your Hand In?,http://www.quicksprout.com/2008/12/31/how-many-cookie-jars-do-you-have-your-hand-in/,0,4,9,1,36,0
Be Fearful When Others Are Greedy and Greedy When Others Are Fearful,http://www.quicksprout.com/2008/12/19/be-fearful-when-others-are-greedy-and-greedy-when-others-are-fearful/,0,6,2,0,0,1
5 Ways You Can Improve Your Blog,http://www.quicksprout.com/2008/12/16/5-ways-to-improve-your-blog/,0,1,0,0,0,1
Think bums are poor? They’re actually richer than you!,http://www.quicksprout.com/2008/12/14/do-you-think-bums-are-poor-they%e2%80%99re-actually-richer-than-you/,0,3,0,0,0,0
Flat is the new up!,http://www.quicksprout.com/2008/12/08/flat-is-the-new-up/,0,0,0,0,0,0
How to Influence Others Through Body Language,http://www.quicksprout.com/2008/11/27/how-to-persuade-people-through-body-language/,0,0,0,0,0,0
How to Become Rich,http://www.quicksprout.com/2008/11/23/4-ways-you-can-become-rich/,0,79,11,2,0,5
The Most Idiotic Business Idea You’ll Ever See!,http://www.quicksprout.com/2008/11/18/the-most-idiotic-business-idea-youll-ever-see/,0,18,0,0,0,0
7 Business Tips You Can Learn from Las Vegas,http://www.quicksprout.com/2008/11/10/7-business-tips-you-can-learn-from-las-vegas/,0,0,1,0,0,0
"Forget Joe the plumber, it’s all about Jose the lawnmower man!",http://www.quicksprout.com/2008/10/31/forget-joe-the-plumber-it%e2%80%99s-all-about-jose-the-lawnmower-man/,0,0,1,0,0,0
Are You a Hustler?,http://www.quicksprout.com/2008/10/20/do-the-hustle/,0,21,11,3,0,2
